Symbol,Name,Industry
YI,"111, Inc.",Medical/Nursing Services
ABEO,Abeona Therapeutics Inc.,Major Pharmaceuticals
ABMD,"ABIOMED, Inc.",Medical/Dental Instruments
ACIU,AC Immune SA,Major Pharmaceuticals
ACHC,"Acadia Healthcare Company, Inc.",Medical Specialities
ACAD,ACADIA Pharmaceuticals Inc.,Major Pharmaceuticals
ACST,"Acasti Pharma, Inc.",Major Pharmaceuticals
XLRN,Acceleron Pharma Inc.,Biotechnology: Biological Products (No Diagnostic Substances)
ARAY,Accuray Incorporated,Medical/Dental Instruments
ACRX,"AcelRx Pharmaceuticals, Inc.",Major Pharmaceuticals
ACER,Acer Therapeutics Inc.,Major Pharmaceuticals
ACHV,"Achieve Life Sciences, Inc.",Biotechnology: In Vitro & In Vivo Diagnostic Substances
ACHN,"Achillion Pharmaceuticals, Inc.",Major Pharmaceuticals
ACRS,"Aclaris Therapeutics, Inc.",Major Pharmaceuticals
ACOR,"Acorda Therapeutics, Inc.",Biotechnology: Biological Products (No Diagnostic Substances)
ADMS,"Adamas Pharmaceuticals, Inc.",Major Pharmaceuticals
ADMP,Adamis Pharmaceuticals Corporation,Major Pharmaceuticals
ADAP,Adaptimmune Therapeutics plc,Biotechnology: Biological Products (No Diagnostic Substances)
ADUS,Addus HomeCare Corporation,Medical/Nursing Services
ADIL,"Adial Pharmaceuticals, Inc",Major Pharmaceuticals
ADMA,ADMA Biologics Inc,Biotechnology: Biological Products (No Diagnostic Substances)
ADRO,"Aduro Biotech, Inc.",Major Pharmaceuticals
ADXS,"Advaxis, Inc.",Major Pharmaceuticals
ADVM,"Adverum Biotechnologies, Inc.",Biotechnology: Biological Products (No Diagnostic Substances)
ADYX,"Adynxx, Inc.",Medical/Dental Instruments
AGLE,"Aeglea BioTherapeutics, Inc.",Major Pharmaceuticals
AERI,"Aerie Pharmaceuticals, Inc.",Biotechnology: Biological Products (No Diagnostic Substances)
ARPO,"Aerpio Pharmaceuticals, Inc.",Major Pharmaceuticals
AEZS,AEterna Zentaris Inc.,Major Pharmaceuticals
GNMX,"Aevi Genomic Medicine, Inc.",Biotechnology: Biological Products (No Diagnostic Substances)
AFMD,Affimed N.V.,Major Pharmaceuticals
AGEN,Agenus Inc.,Biotechnology: Biological Products (No Diagnostic Substances)
AGRX,"Agile Therapeutics, Inc.",Major Pharmaceuticals
AGIO,"Agios Pharmaceuticals, Inc.",Major Pharmaceuticals
ALRN,"Aileron Therapeutics, Inc.",Major Pharmaceuticals
AIMT,"Aimmune Therapeutics, Inc.",Major Pharmaceuticals
AITB,"AIT Therapeutics, Inc.",Medical/Dental Instruments
AKTX,Akari Therapeutics Plc,Major Pharmaceuticals
AKCA,"Akcea Therapeutics, Inc.",Major Pharmaceuticals
AKBA,"Akebia Therapeutics, Inc.",Major Pharmaceuticals
AKER,Akers Biosciences Inc.,Biotechnology: In Vitro & In Vivo Diagnostic Substances
AKRX,"Akorn, Inc.",Major Pharmaceuticals
ALBO,"Albireo Pharma, Inc.",Major Pharmaceuticals
ALDR,"Alder BioPharmaceuticals, Inc.",Major Pharmaceuticals
ALDX,"Aldeyra Therapeutics, Inc.",Major Pharmaceuticals
ALEC,"Alector, Inc.",Biotechnology: Biological Products (No Diagnostic Substances)
ALXN,"Alexion Pharmaceuticals, Inc.",Major Pharmaceuticals
ALGN,"Align Technology, Inc.",Industrial Specialties
ALIM,"Alimera Sciences, Inc.",Major Pharmaceuticals
ALKS,Alkermes plc,Major Pharmaceuticals
ALLK,Allakos Inc.,Major Pharmaceuticals
ALNA,"Allena Pharmaceuticals, Inc.",Biotechnology: Biological Products (No Diagnostic Substances)
AHPI,"Allied Healthcare Products, Inc.",Industrial Specialties
ALLO,"Allogene Therapeutics, Inc.",Biotechnology: Biological Products (No Diagnostic Substances)
ALNY,"Alnylam Pharmaceuticals, Inc.",Major Pharmaceuticals
ATEC,"Alphatec Holdings, Inc.",Medical/Dental Instruments
ALPN,"Alpine Immune Sciences, Inc.",Major Pharmaceuticals
ATHE,Alterity Therapeutics Limited,Major Pharmaceuticals
ALT,"Altimmune, Inc.",Major Pharmaceuticals
AMAG,"AMAG Pharmaceuticals, Inc.",Major Pharmaceuticals
AMRN,Amarin Corporation plc,Major Pharmaceuticals
AMED,Amedisys Inc,Medical/Nursing Services
AMGN,Amgen Inc.,Biotechnology: Biological Products (No Diagnostic Substances)
FOLD,"Amicus Therapeutics, Inc.",Major Pharmaceuticals
AMPH,"Amphastar Pharmaceuticals, Inc.",Major Pharmaceuticals
ANAB,"AnaptysBio, Inc.",Major Pharmaceuticals
AVXL,Anavex Life Sciences Corp.,Biotechnology: Commercial Physical & Biological Resarch
ANCN,Anchiano Therapeutics Ltd.,Major Pharmaceuticals
ANGO,"AngioDynamics, Inc.",Medical/Dental Instruments
ANIP,"ANI Pharmaceuticals, Inc.",Major Pharmaceuticals
ANIK,Anika Therapeutics Inc.,Medical/Dental Instruments
ANIX,"Anixa Biosciences, Inc.",Medical Specialities
ATRS,"Antares Pharma, Inc.",Medical/Dental Instruments
APLS,"Apellis Pharmaceuticals, Inc.",Major Pharmaceuticals
APEN,"Apollo Endosurgery, Inc.",Medical/Dental Instruments
AGTC,Applied Genetic Technologies Corporation,Biotechnology: Biological Products (No Diagnostic Substances)
APLT,"Applied Therapeutics, Inc.",Major Pharmaceuticals
APVO,Aptevo Therapeutics Inc.,Major Pharmaceuticals
APTX,Aptinyx Inc.,Major Pharmaceuticals
APM,Aptorum Group Limited,Major Pharmaceuticals
APTO,"Aptose Biosciences, Inc.",Biotechnology: Biological Products (No Diagnostic Substances)
APYX,Apyx Medical Corporation,Medical/Dental Instruments
AQST,"Aquestive Therapeutics, Inc.",Major Pharmaceuticals
AQXP,"Aquinox Pharmaceuticals, Inc.",Major Pharmaceuticals
PETX,"Aratana Therapeutics, Inc.",Major Pharmaceuticals
ARAV,"Aravive, Inc.",Major Pharmaceuticals
ABUS,Arbutus Biopharma Corporation,Major Pharmaceuticals
ABIO,"ARCA biopharma, Inc.",Biotechnology: In Vitro & In Vivo Diagnostic Substances
ARCT,Arcturus Therapeutics Ltd.,Major Pharmaceuticals
ARDX,"Ardelyx, Inc.",Major Pharmaceuticals
ARNA,"Arena Pharmaceuticals, Inc.",Major Pharmaceuticals
ARGX,argenx SE,Biotechnology: Biological Products (No Diagnostic Substances)
ARDS,Aridis Pharmaceuticals Inc.,Major Pharmaceuticals
ARQL,"ArQule, Inc.",Major Pharmaceuticals
ARRY,Array BioPharma Inc.,Major Pharmaceuticals
ARWR,"Arrowhead Pharmaceuticals, Inc.",Major Pharmaceuticals
ARVN,"Arvinas, Inc.",Major Pharmaceuticals
ASND,Ascendis Pharma A/S,Major Pharmaceuticals
ASLN,ASLAN Pharmaceuticals Limited,Major Pharmaceuticals
ASMB,"Assembly Biosciences, Inc.",Major Pharmaceuticals
ASRT,"Assertio Therapeutics, Inc.",Major Pharmaceuticals
ATRA,"Atara Biotherapeutics, Inc.",Biotechnology: Biological Products (No Diagnostic Substances)
ATNX,"Athenex, Inc.",Major Pharmaceuticals
ATHX,"Athersys, Inc.",Major Pharmaceuticals
ATOS,Atossa Genetics Inc.,Major Pharmaceuticals
ATRC,"AtriCure, Inc.",Medical/Dental Instruments
ATRI,Atrion Corporation,Medical/Dental Instruments
LIFE,"aTyr Pharma, Inc.",Biotechnology: Biological Products (No Diagnostic Substances)
BOLD,"Audentes Therapeutics, Inc.",Biotechnology: Biological Products (No Diagnostic Substances)
AUPH,Aurinia Pharmaceuticals Inc,Major Pharmaceuticals
EARS,Auris Medical Holding Ltd.,Major Pharmaceuticals
AUTL,Autolus Therapeutics plc,Biotechnology: Biological Products (No Diagnostic Substances)
AVDL,Avadel Pharmaceuticals plc,Major Pharmaceuticals
AVDR,"Avedro, Inc",Major Pharmaceuticals
ATXI,"Avenue Therapeutics, Inc.",Major Pharmaceuticals
AVEO,"AVEO Pharmaceuticals, Inc.",Major Pharmaceuticals
CDMO,"Avid Bioservices, Inc.",Major Pharmaceuticals
AVGR,"Avinger, Inc.",Medical/Dental Instruments
AVRO,"AVROBIO, Inc.",Biotechnology: Biological Products (No Diagnostic Substances)
AXLA,Axcella Health Inc.,Biotechnology: Biological Products (No Diagnostic Substances)
AXGN,"AxoGen, Inc.",Biotechnology: Electromedical & Electrotherapeutic Apparatus
AXNX,"Axonics Modulation Technologies, Inc.",Medical/Dental Instruments
AXGT,Axovant Gene Therapies Ltd.,Major Pharmaceuticals
AXSM,"Axsome Therapeutics, Inc.",Major Pharmaceuticals
AYTU,"Aytu BioScience, Inc.",Major Pharmaceuticals
AZRX,"AzurRx BioPharma, Inc.",Major Pharmaceuticals
BGNE,"BeiGene, Ltd.",Major Pharmaceuticals
BLPH,"Bellerophon Therapeutics, Inc.",Major Pharmaceuticals
BLCM,"Bellicum Pharmaceuticals, Inc.",Major Pharmaceuticals
BNTC,Benitec Biopharma Limited,Major Pharmaceuticals
BYSI,"BeyondSpring, Inc.",Major Pharmaceuticals
BASI,"Bioanalytical Systems, Inc.",Biotechnology: Commercial Physical & Biological Resarch
BIOC,"Biocept, Inc.",Medical Specialities
BCRX,"BioCryst Pharmaceuticals, Inc.",Biotechnology: Biological Products (No Diagnostic Substances)
BDSI,"BioDelivery Sciences International, Inc.",Major Pharmaceuticals
BFRA,Biofrontera AG,Major Pharmaceuticals
BIIB,Biogen Inc.,Biotechnology: Biological Products (No Diagnostic Substances)
BIOL,"Biolase, Inc.",Medical/Dental Instruments
BLFS,"BioLife Solutions, Inc.",Biotechnology: Electromedical & Electrotherapeutic Apparatus
BLRX,BioLineRx Ltd.,Major Pharmaceuticals
BMRN,BioMarin Pharmaceutical Inc.,Major Pharmaceuticals
BMRA,"Biomerica, Inc.",Medical/Dental Instruments
BVXV,BiondVax Pharmaceuticals Ltd.,Biotechnology: Biological Products (No Diagnostic Substances)
BPTH,"Bio-Path Holdings, Inc.",Major Pharmaceuticals
BIOS,"BioScrip, Inc.",Medical/Nursing Services
BSGM,"BioSig Technologies, Inc.",Biotechnology: Electromedical & Electrotherapeutic Apparatus
BSTC,BioSpecifics Technologies Corp,Major Pharmaceuticals
TECH,Bio-Techne Corp,Biotechnology: Biological Products (No Diagnostic Substances)
BEAT,"BioTelemetry, Inc.",Medical Specialities
BTAI,"BioXcel Therapeutics, Inc.",Major Pharmaceuticals
BLUE,"bluebird bio, Inc.",Biotechnology: Biological Products (No Diagnostic Substances)
BPMC,Blueprint Medicines Corporation,Major Pharmaceuticals
BCLI,Brainstorm Cell Therapeutics Inc.,Biotechnology: Biological Products (No Diagnostic Substances)
BWAY,Brainsway Ltd.,Medical/Dental Instruments
CLBS,"Caladrius Biosciences, Inc.",Hospital/Nursing Management
CALA,"Calithera Biosciences, Inc.",Major Pharmaceuticals
CGIX,"Cancer Genetics, Inc.",Medical Specialities
CAPR,"Capricor Therapeutics, Inc.",Major Pharmaceuticals
CARA,"Cara Therapeutics, Inc.",Major Pharmaceuticals
CSII,"Cardiovascular Systems, Inc.",Medical/Dental Instruments
CDNA,"CareDx, Inc.",Medical Specialities
CASI,"CASI Pharmaceuticals, Inc.",Biotechnology: Biological Products (No Diagnostic Substances)
SAVA,"Cassava Sciences, Inc.",Major Pharmaceuticals
CATB,"Catabasis Pharmaceuticals, Inc.",Major Pharmaceuticals
CBIO,"Catalyst Biosciences, Inc.",Major Pharmaceuticals
CPRX,"Catalyst Pharmaceuticals, Inc.",Major Pharmaceuticals
CATS,"Catasys, Inc.",Hospital/Nursing Management
CELC,Celcuity Inc.,Medical Specialities
CELG,Celgene Corporation,Major Pharmaceuticals
CLDX,"Celldex Therapeutics, Inc.",Biotechnology: In Vitro & In Vivo Diagnostic Substances
APOP,Cellect Biotechnology Ltd.,Medical/Dental Instruments
CLRB,"Cellectar Biosciences, Inc.",Major Pharmaceuticals
CLLS,Cellectis S.A.,Biotechnology: Biological Products (No Diagnostic Substances)
CBMG,"Cellular Biomedicine Group, Inc.",Biotechnology: Biological Products (No Diagnostic Substances)
CLSN,Celsion Corporation,Major Pharmaceuticals
CYAD,Celyad SA,Major Pharmaceuticals
CERC,Cerecor Inc.,Major Pharmaceuticals
CERS,Cerus Corporation,Medical/Dental Instruments
CSBR,"Champions Oncology, Inc.",Biotechnology: Biological Products (No Diagnostic Substances)
CHEK,Check-Cap Ltd.,Medical Electronics
CKPT,"Checkpoint Therapeutics, Inc.",Major Pharmaceuticals
CEMI,"Chembio Diagnostics, Inc.",Major Pharmaceuticals
CCXI,"ChemoCentryx, Inc.",Major Pharmaceuticals
CHFS,"CHF Solutions, Inc.",Biotechnology: Electromedical & Electrotherapeutic Apparatus
CHMA,"Chiasma, Inc.",Major Pharmaceuticals
CMRX,"Chimerix, Inc.",Major Pharmaceuticals
CBPO,"China Biologic Products Holdings, Inc.",Biotechnology: Biological Products (No Diagnostic Substances)
CJJD,"China Jo-Jo Drugstores, Inc.",Medical/Nursing Services
SXTC,"China SXT Pharmaceuticals, Inc.",Major Pharmaceuticals
CDTX,"Cidara Therapeutics, Inc.",Biotechnology: Biological Products (No Diagnostic Substances)
CTXR,"Citius Pharmaceuticals, Inc.",Major Pharmaceuticals
CLSD,"Clearside Biomedical, Inc.",Major Pharmaceuticals
CBLI,"Cleveland BioLabs, Inc.",Biotechnology: Commercial Physical & Biological Resarch
CLVS,"Clovis Oncology, Inc.",Major Pharmaceuticals
COCP,"Cocrystal Pharma, Inc.",Major Pharmaceuticals
CODX,"Co-Diagnostics, Inc.",Medical/Dental Instruments
CWBR,"CohBar, Inc.",Major Pharmaceuticals
CHRS,"Coherus BioSciences, Inc.",Biotechnology: Biological Products (No Diagnostic Substances)
COLL,"Collegium Pharmaceutical, Inc.",Major Pharmaceuticals
CLGN,"CollPlant Holdings, Ltd.",Industrial Specialties
CGEN,Compugen Ltd.,Biotechnology: Biological Products (No Diagnostic Substances)
CNAT,Conatus Pharmaceuticals Inc.,Major Pharmaceuticals
CNCE,"Concert Pharmaceuticals, Inc.",Major Pharmaceuticals
CFMS,"ConforMIS, Inc.",Industrial Specialties
CNMD,CONMED Corporation,Biotechnology: Electromedical & Electrotherapeutic Apparatus
CNAC,Constellation Alpha Capital Corp.,Medical Specialities
CNST,"Constellation Pharmaceuticals, Inc.",Major Pharmaceuticals
CFRX,ContraFect Corporation,Major Pharmaceuticals
CTRV,ContraVir Pharmaceuticals Inc.,Major Pharmaceuticals
CRBP,"Corbus Pharmaceuticals Holdings, Inc.",Major Pharmaceuticals
CORT,Corcept Therapeutics Incorporated,Major Pharmaceuticals
CORV,Correvio Pharma Corp.,Major Pharmaceuticals
CRTX,"Cortexyme, Inc.",Biotechnology: Biological Products (No Diagnostic Substances)
CRVS,"Corvus Pharmaceuticals, Inc.",Major Pharmaceuticals
CVET,"Covetrus, Inc.",Medical/Nursing Services
CRNX,"Crinetics Pharmaceuticals, Inc.",Major Pharmaceuticals
CRSP,CRISPR Therapeutics AG,Biotechnology: Biological Products (No Diagnostic Substances)
CTIC,CTI BioPharma Corp.,Major Pharmaceuticals
CUE,"Cue Biopharma, Inc.",Major Pharmaceuticals
CPIX,Cumberland Pharmaceuticals Inc.,Major Pharmaceuticals
CRIS,"Curis, Inc.",Biotechnology: Biological Products (No Diagnostic Substances)
CUTR,"Cutera, Inc.",Biotechnology: Electromedical & Electrotherapeutic Apparatus
CYCC,"Cyclacel Pharmaceuticals, Inc.",Major Pharmaceuticals
CYCN,"Cyclerion Therapeutics, Inc.",Major Pharmaceuticals
CBAY,CymaBay Therapeutics Inc.,Major Pharmaceuticals
CYTK,"Cytokinetics, Incorporated",Major Pharmaceuticals
CTMX,"CytomX Therapeutics, Inc.",Major Pharmaceuticals
CYTX,Cytori Therapeutics Inc.,Medical/Dental Instruments
CTSO,Cytosorbents Corporation,Medical/Dental Instruments
CYTR,CytRx Corporation,Biotechnology: Biological Products (No Diagnostic Substances)
DARE,"Dare Bioscience, Inc.",Major Pharmaceuticals
DRIO,DarioHealth Corp.,Medical/Dental Instruments
DBVT,DBV Technologies S.A.,Biotechnology: Biological Products (No Diagnostic Substances)
DCPH,"Deciphera Pharmaceuticals, Inc.",Major Pharmaceuticals
DMPI,"DelMar Pharmaceuticals, Inc.",Major Pharmaceuticals
DNLI,Denali Therapeutics Inc.,Biotechnology: Biological Products (No Diagnostic Substances)
XRAY,DENTSPLY SIRONA Inc.,Medical/Dental Instruments
DERM,"Dermira, Inc.",Major Pharmaceuticals
DXCM,"DexCom, Inc.",Medical/Dental Instruments
DMAC,DiaMedica Therapeutics Inc.,Major Pharmaceuticals
DRNA,"Dicerna Pharmaceuticals, Inc.",Major Pharmaceuticals
DFFN,Diffusion Pharmaceuticals Inc.,Major Pharmaceuticals
DRAD,Digirad Corporation,Biotechnology: Electromedical & Electrotherapeutic Apparatus
DVCR,Diversicare Healthcare Services Inc.,Hospital/Nursing Management
DOVA,"Dova Pharmaceuticals, Inc.",Major Pharmaceuticals
DRRX,DURECT Corporation,Major Pharmaceuticals
DYNT,Dynatronics Corporation,Medical/Dental Instruments
DVAX,Dynavax Technologies Corporation,Major Pharmaceuticals
EGRX,"Eagle Pharmaceuticals, Inc.",Major Pharmaceuticals
EDAP,EDAP TMS S.A.,Biotechnology: Electromedical & Electrotherapeutic Apparatus
EDIT,"Editas Medicine, Inc.",Biotechnology: Biological Products (No Diagnostic Substances)
EIDX,"Eidos Therapeutics, Inc.",Major Pharmaceuticals
EIGR,"Eiger BioPharmaceuticals, Inc.",Biotechnology: Biological Products (No Diagnostic Substances)
ECOR,"electroCore, Inc.",Biotechnology: Electromedical & Electrotherapeutic Apparatus
ELOX,"Eloxx Pharmaceuticals, Inc.",Biotechnology: Commercial Physical & Biological Resarch
ENTA,"Enanta Pharmaceuticals, Inc.",Major Pharmaceuticals
ENDP,Endo International plc,Major Pharmaceuticals
ELGX,"Endologix, Inc.",Medical/Dental Instruments
NDRA,ENDRA Life Sciences Inc.,Biotechnology: Electromedical & Electrotherapeutic Apparatus
ENLV,Enlivex Therapeutics Ltd.,Major Pharmaceuticals
ENOB,"Enochian Biosciences, Inc.",Major Pharmaceuticals
ETTX,Entasis Therapeutics Holdings Inc.,Major Pharmaceuticals
ENTX,Entera Bio Ltd.,Biotechnology: Biological Products (No Diagnostic Substances)
EPZM,"Epizyme, Inc.",Major Pharmaceuticals
EQ,"Equillium, Inc.",Major Pharmaceuticals
ERYP,Erytech Pharma S.A.,Biotechnology: Biological Products (No Diagnostic Substances)
ESPR,"Esperion Therapeutics, Inc.",Major Pharmaceuticals
EPIX,ESSA Pharma Inc.,Major Pharmaceuticals
ESTA,Establishment Labs Holdings Inc.,Industrial Specialties
ETON,"Eton Pharmaceuticals, Inc.",Major Pharmaceuticals
EVLO,"Evelo Biosciences, Inc.",Major Pharmaceuticals
EVFM,"Evofem Biosciences, Inc.",Major Pharmaceuticals
EVOK,"Evoke Pharma, Inc.",Major Pharmaceuticals
EOLS,"Evolus, Inc.",Major Pharmaceuticals
EXAS,Exact Sciences Corporation,Biotechnology: Commercial Physical & Biological Resarch
EXEL,"Exelixis, Inc.",Biotechnology: Commercial Physical & Biological Resarch
EYEG,"Eyegate Pharmaceuticals, Inc.",Major Pharmaceuticals
EYEN,"Eyenovia, Inc.",Major Pharmaceuticals
FATE,"Fate Therapeutics, Inc.",Biotechnology: Biological Products (No Diagnostic Substances)
FENC,Fennec Pharmaceuticals Inc.,Biotechnology: Biological Products (No Diagnostic Substances)
FCSC,Fibrocell Science Inc.,Major Pharmaceuticals
FGEN,"FibroGen, Inc",Major Pharmaceuticals
FPRX,"Five Prime Therapeutics, Inc.",Major Pharmaceuticals
FVE,Five Star Senior Living Inc.,Hospital/Nursing Management
FLKS,"Flex Pharma, Inc.",Major Pharmaceuticals
FLXN,"Flexion Therapeutics, Inc.",Major Pharmaceuticals
FONR,Fonar Corporation,Biotechnology: Electromedical & Electrotherapeutic Apparatus
FBIO,"Fortress Biotech, Inc.",Major Pharmaceuticals
FTSV,"Forty Seven, Inc.",Major Pharmaceuticals
FWP,Forward Pharma A/S,Major Pharmaceuticals
FLGT,"Fulgent Genetics, Inc.",Medical Specialities
GTHX,"G1 Therapeutics, Inc.",Major Pharmaceuticals
GLPG,Galapagos NV,Major Pharmaceuticals
GALT,Galectin Therapeutics Inc.,Major Pharmaceuticals
GLMD,Galmed Pharmaceuticals Ltd.,Major Pharmaceuticals
GMDA,Gamida Cell Ltd.,Biotechnology: Biological Products (No Diagnostic Substances)
GEMP,Gemphire Therapeutics Inc.,Major Pharmaceuticals
GENE,Genetic Technologies Ltd,Biotechnology: Biological Products (No Diagnostic Substances)
GNFT,GENFIT S.A.,Biotechnology: Biological Products (No Diagnostic Substances)
GNMK,"GenMark Diagnostics, Inc.",Medical/Dental Instruments
GNCA,"Genocea Biosciences, Inc.",Biotechnology: Biological Products (No Diagnostic Substances)
GHDX,"Genomic Health, Inc.",Medical Specialities
GNPX,"Genprex, Inc.",Major Pharmaceuticals
GERN,Geron Corporation,Major Pharmaceuticals
GILD,"Gilead Sciences, Inc.",Biotechnology: Biological Products (No Diagnostic Substances)
GBT,"Global Blood Therapeutics, Inc.",Major Pharmaceuticals
GLYC,"GlycoMimetics, Inc.",Major Pharmaceuticals
GOSS,"Gossamer Bio, Inc.",Major Pharmaceuticals
GRFS,"Grifols, S.A.",Major Pharmaceuticals
GRTS,"Gritstone Oncology, Inc.",Biotechnology: Biological Products (No Diagnostic Substances)
GTXI,"GTx, Inc.",Major Pharmaceuticals
GH,"Guardant Health, Inc.",Medical Specialities
GHSI,"Guardion Health Sciences, Inc.",Major Pharmaceuticals
GWPH,GW Pharmaceuticals Plc,Major Pharmaceuticals
HALO,"Halozyme Therapeutics, Inc.",Biotechnology: Biological Products (No Diagnostic Substances)
HJLI,"Hancock Jaffe Laboratories, Inc.",Medical/Dental Instruments
HARP,"Harpoon Therapeutics, Inc.",Biotechnology: Biological Products (No Diagnostic Substances)
HROW,"Harrow Health, Inc.",Major Pharmaceuticals
HCSG,"Healthcare Services Group, Inc.",Hospital/Nursing Management
HTBX,"Heat Biologics, Inc.",Major Pharmaceuticals
HSDT,"Helius Medical Technologies, Inc.",Biotechnology: Electromedical & Electrotherapeutic Apparatus
HSIC,"Henry Schein, Inc.",Medical Specialities
HRTX,"Heron Therapeutics, Inc.",Major Pharmaceuticals
HSKA,Heska Corporation,Biotechnology: Biological Products (No Diagnostic Substances)
HSGX,Histogenics Corporation,Industrial Specialties
HOLX,"Hologic, Inc.",Medical Electronics
FIXX,"Homology Medicines, Inc.",Major Pharmaceuticals
HOOK,HOOKIPA Pharma Inc.,Major Pharmaceuticals
HZNP,Horizon Therapeutics Public Limited Company,Major Pharmaceuticals
HOTH,"Hoth Therapeutics, Inc.",Major Pharmaceuticals
HCM,Hutchison China MediTech Limited,Major Pharmaceuticals
ICAD,icad inc.,Medical/Dental Instruments
ICLR,ICON plc,Biotechnology: Commercial Physical & Biological Resarch
ICUI,"ICU Medical, Inc.",Medical/Dental Instruments
IDRA,"Idera Pharmaceuticals, Inc.",Biotechnology: Biological Products (No Diagnostic Substances)
IDXX,"IDEXX Laboratories, Inc.",Biotechnology: In Vitro & In Vivo Diagnostic Substances
IMAC,"IMAC Holdings, Inc.",Medical Specialities
ICCC,ImmuCell Corporation,Biotechnology: In Vitro & In Vivo Diagnostic Substances
IMUX,"Immunic, Inc.",Major Pharmaceuticals
IMGN,"ImmunoGen, Inc.",Major Pharmaceuticals
IMMU,"Immunomedics, Inc.",Biotechnology: In Vitro & In Vivo Diagnostic Substances
IMRN,Immuron Limited,Major Pharmaceuticals
IMMP,Immutep Limited,Major Pharmaceuticals
IMV,IMV Inc.,Major Pharmaceuticals
INCY,Incyte Corporation,Biotechnology: Commercial Physical & Biological Resarch
INFI,"Infinity Pharmaceuticals, Inc.",Major Pharmaceuticals
INMB,INmune Bio Inc.,Biotechnology: Biological Products (No Diagnostic Substances)
INNT,"Innovate Biopharmaceuticals, Inc.",Major Pharmaceuticals
INVA,"Innoviva, Inc.",Major Pharmaceuticals
INGN,"Inogen, Inc",Industrial Specialties
INO,"Inovio Pharmaceuticals, Inc.",Medical/Dental Instruments
INSM,"Insmed, Inc.",Major Pharmaceuticals
PODD,Insulet Corporation,Medical/Dental Instruments
INSY,"Insys Therapeutics, Inc.",Major Pharmaceuticals
NTEC,Intec Pharma Ltd.,Major Pharmaceuticals
IART,Integra LifeSciences Holdings Corporation,Medical/Dental Instruments
NTLA,"Intellia Therapeutics, Inc.",Biotechnology: In Vitro & In Vivo Diagnostic Substances
ICPT,"Intercept Pharmaceuticals, Inc.",Major Pharmaceuticals
IDXG,"Interpace Diagnostics Group, Inc.",Medical/Dental Instruments
XENT,"Intersect ENT, Inc.",Medical/Dental Instruments
ITCI,Intra-Cellular Therapies Inc.,Major Pharmaceuticals
XON,Intrexon Corporation,Biotechnology: Commercial Physical & Biological Resarch
ISRG,"Intuitive Surgical, Inc.",Industrial Specialties
NVIV,InVivo Therapeutics Holdings Corp.,Medical/Dental Instruments
IONS,"Ionis Pharmaceuticals, Inc.",Major Pharmaceuticals
IOVA,"Iovance Biotherapeutics, Inc.",Biotechnology: Biological Products (No Diagnostic Substances)
IRMD,iRadimed Corporation,Medical/Dental Instruments
IRTC,"iRhythm Technologies, Inc.",Medical/Dental Instruments
IRIX,IRIDEX Corporation,Biotechnology: Electromedical & Electrotherapeutic Apparatus
IRWD,"Ironwood Pharmaceuticals, Inc.",Major Pharmaceuticals
ITMR,Itamar Medical Ltd.,Medical/Dental Instruments
ITRM,Iterum Therapeutics plc,Major Pharmaceuticals
ISEE,"IVERIC bio, Inc.",Major Pharmaceuticals
JAGX,"Jaguar Health, Inc.",Major Pharmaceuticals
JAZZ,Jazz Pharmaceuticals plc,Major Pharmaceuticals
JNCE,"Jounce Therapeutics, Inc.",Biotechnology: Biological Products (No Diagnostic Substances)
KALA,"Kala Pharmaceuticals, Inc.",Major Pharmaceuticals
KLDO,"Kaleido Biosciences, Inc.",Biotechnology: Biological Products (No Diagnostic Substances)
KALV,"KalVista Pharmaceuticals, Inc.",Major Pharmaceuticals
KMDA,Kamada Ltd.,Major Pharmaceuticals
KPTI,Karyopharm Therapeutics Inc.,Major Pharmaceuticals
KZIA,Kazia Therapeutics Limited,Major Pharmaceuticals
KMPH,"KemPharm, Inc.",Major Pharmaceuticals
KZR,"Kezar Life Sciences, Inc.",Major Pharmaceuticals
KIN,"Kindred Biosciences, Inc.",Major Pharmaceuticals
KNSA,"Kiniksa Pharmaceuticals, Ltd.",Major Pharmaceuticals
KTOV,Kitov Pharma Ltd.,Major Pharmaceuticals
KOD,Kodiak Sciences Inc,Biotechnology: Biological Products (No Diagnostic Substances)
KRYS,"Krystal Biotech, Inc.",Biotechnology: Biological Products (No Diagnostic Substances)
KURA,"Kura Oncology, Inc.",Major Pharmaceuticals
LJPC,La Jolla Pharmaceutical Company,Biotechnology: Biological Products (No Diagnostic Substances)
LAKE,"Lakeland Industries, Inc.",Industrial Specialties
LNTH,"Lantheus Holdings, Inc.",Biotechnology: In Vitro & In Vivo Diagnostic Substances
LPTX,"LEAP THERAPEUTICS, INC.",Major Pharmaceuticals
LMAT,"LeMaitre Vascular, Inc.",Medical/Dental Instruments
LXRX,"Lexicon Pharmaceuticals, Inc.",Major Pharmaceuticals
LHCG,LHC Group,Medical/Nursing Services
LLIT,Lianluo Smart Limited,Medical/Dental Instruments
LFVN,Lifevantage Corporation,Major Pharmaceuticals
LGND,Ligand Pharmaceuticals Incorporated,Major Pharmaceuticals
LPCN,Lipocine Inc.,Major Pharmaceuticals
LQDA,"Liquidia Technologies, Inc.",Biotechnology: Biological Products (No Diagnostic Substances)
LIVN,LivaNova PLC,Biotechnology: Electromedical & Electrotherapeutic Apparatus
LOGC,"LogicBio Therapeutics, Inc.",Biotechnology: Biological Products (No Diagnostic Substances)
LMNX,Luminex Corporation,Medical/Dental Instruments
LUNA,Luna Innovations Incorporated,Biotechnology: Commercial Physical & Biological Resarch
MGNX,"MacroGenics, Inc.",Major Pharmaceuticals
MDGL,"Madrigal Pharmaceuticals, Inc.",Major Pharmaceuticals
MGLN,"Magellan Health, Inc.",Hospital/Nursing Management
MGTA,"Magenta Therapeutics, Inc.",Major Pharmaceuticals
MNKD,MannKind Corporation,Major Pharmaceuticals
MRNS,"Marinus Pharmaceuticals, Inc.",Major Pharmaceuticals
MRKR,"Marker Therapeutics, Inc.",Major Pharmaceuticals
MASI,Masimo Corporation,Biotechnology: Electromedical & Electrotherapeutic Apparatus
MNOV,"MediciNova, Inc.",Major Pharmaceuticals
MDGS,Medigus Ltd.,Medical/Dental Instruments
MEDP,"Medpace Holdings, Inc.",Biotechnology: Commercial Physical & Biological Resarch
MEIP,"MEI Pharma, Inc.",Major Pharmaceuticals
MGTX,MeiraGTx Holdings plc,Biotechnology: Biological Products (No Diagnostic Substances)
MLNT,"Melinta Therapeutics, Inc.",Major Pharmaceuticals
MNLO,Menlo Therapeutics Inc.,Major Pharmaceuticals
MREO,Mereo BioPharma Group plc,Major Pharmaceuticals
VIVO,Meridian Bioscience Inc.,Biotechnology: In Vitro & In Vivo Diagnostic Substances
MMSI,"Merit Medical Systems, Inc.",Medical/Dental Instruments
MACK,"Merrimack Pharmaceuticals, Inc.",Major Pharmaceuticals
MRSN,"Mersana Therapeutics, Inc.",Major Pharmaceuticals
MRUS,Merus N.V.,Major Pharmaceuticals
MESO,Mesoblast Limited,Biotechnology: Biological Products (No Diagnostic Substances)
MBOT,Microbot Medical Inc.,Biotechnology: Biological Products (No Diagnostic Substances)
MTP,Midatech Pharma PLC,Major Pharmaceuticals
MIST,Milestone Pharmaceuticals Inc.,Major Pharmaceuticals
MLND,"Millendo Therapeutics, Inc.",Major Pharmaceuticals
NERV,"Minerva Neurosciences, Inc",Major Pharmaceuticals
MGEN,"Miragen Therapeutics, Inc.",Medical Specialities
MRTX,"Mirati Therapeutics, Inc.",Major Pharmaceuticals
MRNA,"Moderna, Inc.",Biotechnology: Biological Products (No Diagnostic Substances)
MTEM,"Molecular Templates, Inc.",Major Pharmaceuticals
MBRX,"Moleculin Biotech, Inc.",Major Pharmaceuticals
MNTA,"Momenta Pharmaceuticals, Inc.",Biotechnology: Biological Products (No Diagnostic Substances)
MOR,MorphoSys AG,Major Pharmaceuticals
MTFB,Motif Bio plc,Major Pharmaceuticals
MOTS,"Motus GI Holdings, Inc.",Medical/Dental Instruments
MBIO,"Mustang Bio, Inc.",Major Pharmaceuticals
MYL,Mylan N.V.,Major Pharmaceuticals
MYND,"MYnd Analytics, Inc.",Hospital/Nursing Management
MYOK,"MyoKardia, Inc.",Major Pharmaceuticals
MYOS,MYOS RENS Technology Inc.,Major Pharmaceuticals
MYGN,"Myriad Genetics, Inc.",Biotechnology: In Vitro & In Vivo Diagnostic Substances
NBRV,Nabriva Therapeutics plc,Major Pharmaceuticals
NSTG,"NanoString Technologies, Inc.",Biotechnology: Biological Products (No Diagnostic Substances)
NAOV,"NanoVibronix, Inc.",Industrial Specialties
NK,"NantKwest, Inc.",Biotechnology: Biological Products (No Diagnostic Substances)
NTRA,"Natera, Inc.",Medical Specialities
NRC,National Research Corporation,Biotechnology: Commercial Physical & Biological Resarch
EYE,"National Vision Holdings, Inc.",Ophthalmic Goods
NATR,"Nature&#39;s Sunshine Products, Inc.",Major Pharmaceuticals
BABY,Natus Medical Incorporated,Biotechnology: Electromedical & Electrotherapeutic Apparatus
NKTR,Nektar Therapeutics,Major Pharmaceuticals
NMRD,Nemaura Medical Inc.,Medical/Dental Instruments
NEOG,Neogen Corporation,Biotechnology: In Vitro & In Vivo Diagnostic Substances
NEO,"NeoGenomics, Inc.",Precision Instruments
NTGN,"Neon Therapeutics, Inc.",Biotechnology: Biological Products (No Diagnostic Substances)
NEOS,"Neos Therapeutics, Inc.",Major Pharmaceuticals
NVCN,Neovasc Inc.,Medical/Dental Instruments
NEPT,Neptune Wellness Solutions Inc.,Major Pharmaceuticals
CUR,"Neuralstem, Inc.",Biotechnology: Biological Products (No Diagnostic Substances)
NBIX,"Neurocrine Biosciences, Inc.",Biotechnology: Biological Products (No Diagnostic Substances)
NURO,"NeuroMetrix, Inc.",Medical/Dental Instruments
STIM,"Neuronetics, Inc.",Medical/Dental Instruments
NTRP,"Neurotrope, Inc.",Major Pharmaceuticals
NLNK,NewLink Genetics Corporation,Major Pharmaceuticals
NXTC,"NextCure, Inc.",Major Pharmaceuticals
NGM,"NGM Biopharmaceuticals, Inc.",Major Pharmaceuticals
NITE,Nightstar Therapeutics plc,Biotechnology: Biological Products (No Diagnostic Substances)
NOVN,"Novan, Inc.",Major Pharmaceuticals
NVAX,"Novavax, Inc.",Biotechnology: Biological Products (No Diagnostic Substances)
NVLN,Novelion Therapeutics Inc.,Major Pharmaceuticals
NVCR,NovoCure Limited,Medical/Dental Instruments
NVUS,"Novus Therapeutics, Inc.",Major Pharmaceuticals
NCNA,NuCana plc,Major Pharmaceuticals
NUVA,"NuVasive, Inc.",Medical/Dental Instruments
NVTR,Nuvectra Corporation,Medical/Dental Instruments
NYMX,Nymox Pharmaceutical Corporation,Biotechnology: In Vitro & In Vivo Diagnostic Substances
OASM,Oasmia Pharmaceutical AB,Major Pharmaceuticals
OBLN,"Obalon Therapeutics, Inc.",Medical/Dental Instruments
OBSV,ObsEva SA,Major Pharmaceuticals
OCUL,"Ocular Therapeutix, Inc.",Major Pharmaceuticals
ODT,"Odonate Therapeutics, Inc.",Major Pharmaceuticals
OHRP,"Ohr Pharmaceutical, Inc.",Major Pharmaceuticals
OMER,Omeros Corporation,Major Pharmaceuticals
ONCY,Oncolytics Biotech Inc.,Major Pharmaceuticals
ONTX,"Onconova Therapeutics, Inc.",Major Pharmaceuticals
ONCS,OncoSec Medical Incorporated,Major Pharmaceuticals
OPGN,"OpGen, Inc.",Medical Specialities
OPK,"Opko Health, Inc.",Major Pharmaceuticals
OPTN,"OptiNose, Inc.",Major Pharmaceuticals
ORMP,Oramed Pharmaceuticals Inc.,Major Pharmaceuticals
OSUR,"OraSure Technologies, Inc.",Medical/Dental Instruments
ORTX,Orchard Therapeutics plc,Biotechnology: Biological Products (No Diagnostic Substances)
OGI,Organigram Holdings Inc.,Major Pharmaceuticals
ORGO,Organogenesis Holdings Inc.,Major Pharmaceuticals
ONVO,"Organovo Holdings, Inc.",Biotechnology: Biological Products (No Diagnostic Substances)
ORGS,Orgenesis Inc.,Major Pharmaceuticals
OFIX,Orthofix Medical Inc.,Medical/Dental Instruments
KIDS,OrthoPediatrics Corp.,Medical/Dental Instruments
OSMT,Osmotica Pharmaceuticals plc,Major Pharmaceuticals
OTIC,"Otonomy, Inc.",Major Pharmaceuticals
OTLK,"Outlook Therapeutics, Inc.",Biotechnology: Biological Products (No Diagnostic Substances)
OVID,Ovid Therapeutics Inc.,Major Pharmaceuticals
OXFD,Oxford Immunotec Global PLC,Biotechnology: In Vitro & In Vivo Diagnostic Substances
PCRX,"Pacira BioSciences, Inc.",Major Pharmaceuticals
PRTK,"Paratek Pharmaceuticals, Inc.",Major Pharmaceuticals
PDCO,"Patterson Companies, Inc.",Medical Specialities
PAVM,PAVmed Inc.,Medical/Dental Instruments
PDLI,"PDL BioPharma, Inc.",Biotechnology: Biological Products (No Diagnostic Substances)
PDSB,PDS Biotechnology Corporation,Major Pharmaceuticals
PETQ,"PetIQ, Inc.",Other Pharmaceuticals
PETS,"PetMed Express, Inc.",Medical/Nursing Services
PHAS,"PhaseBio Pharmaceuticals, Inc.",Major Pharmaceuticals
PAHC,Phibro Animal Health Corporation,Major Pharmaceuticals
PHIO,Phio Pharmaceuticals Corp.,Major Pharmaceuticals
PIRS,"Pieris Pharmaceuticals, Inc.",Biotechnology: Commercial Physical & Biological Resarch
PSTI,"Pluristem Therapeutics, Inc.",Biotechnology: Biological Products (No Diagnostic Substances)
PLXP,PLx Pharma Inc.,Major Pharmaceuticals
PTE,"PolarityTE, Inc.",Biotechnology: Biological Products (No Diagnostic Substances)
PTLA,"Portola Pharmaceuticals, Inc.",Major Pharmaceuticals
PRAH,"PRA Health Sciences, Inc.",Biotechnology: Commercial Physical & Biological Resarch
DTIL,"Precision BioSciences, Inc.",Biotechnology: Biological Products (No Diagnostic Substances)
AIPT,Precision Therapeutics Inc.,Industrial Specialties
PRNB,Principia Biopharma Inc.,Major Pharmaceuticals
PDEX,"Pro-Dex, Inc.",Medical/Dental Instruments
PGNX,Progenics Pharmaceuticals Inc.,Major Pharmaceuticals
PRPH,"ProPhase Labs, Inc.",Major Pharmaceuticals
PRQR,ProQR Therapeutics N.V.,Major Pharmaceuticals
PTGX,"Protagonist Therapeutics, Inc.",Major Pharmaceuticals
PRTO,"Proteon Therapeutics, Inc.",Biotechnology: Biological Products (No Diagnostic Substances)
PTI,"Proteostasis Therapeutics, Inc.",Major Pharmaceuticals
PRTA,Prothena Corporation plc,Major Pharmaceuticals
PRVB,"Provention Bio, Inc.",Major Pharmaceuticals
PMD,Psychemedics Corporation,Medical Specialities
PTCT,"PTC Therapeutics, Inc.",Major Pharmaceuticals
PULM,"Pulmatrix, Inc.",Major Pharmaceuticals
PLSE,"Pulse Biosciences, Inc",Medical/Dental Instruments
PBYI,Puma Biotechnology Inc,Major Pharmaceuticals
QGEN,Qiagen N.V.,Biotechnology: Biological Products (No Diagnostic Substances)
QDEL,Quidel Corporation,Biotechnology: In Vitro & In Vivo Diagnostic Substances
QTNT,Quotient Limited,Biotechnology: In Vitro & In Vivo Diagnostic Substances
RARX,"Ra Pharmaceuticals, Inc.",Major Pharmaceuticals
RDUS,"Radius Health, Inc.",Major Pharmaceuticals
RDNT,"RadNet, Inc.",Medical Specialities
RLM,Realm Therapeutics plc,Major Pharmaceuticals
RETA,"Reata Pharmaceuticals, Inc.",Major Pharmaceuticals
REPH,"Recro Pharma, Inc.",Major Pharmaceuticals
RDHL,Redhill Biopharma Ltd.,Major Pharmaceuticals
REGN,"Regeneron Pharmaceuticals, Inc.",Major Pharmaceuticals
RGNX,REGENXBIO Inc.,Biotechnology: Biological Products (No Diagnostic Substances)
RGLS,Regulus Therapeutics Inc.,Major Pharmaceuticals
RELV,"Reliv&#39; International, Inc.",Major Pharmaceuticals
RGEN,Repligen Corporation,Biotechnology: Biological Products (No Diagnostic Substances)
REPL,"Replimune Group, Inc.",Biotechnology: Biological Products (No Diagnostic Substances)
HAIR,"Restoration Robotics, Inc.",Medical/Dental Instruments
TORC,"resTORbio, Inc.",Major Pharmaceuticals
RTRX,"Retrophin, Inc.",Major Pharmaceuticals
RVNC,"Revance Therapeutics, Inc.",Major Pharmaceuticals
RWLK,ReWalk Robotics Ltd.,Industrial Specialties
RYTM,"Rhythm Pharmaceuticals, Inc.",Major Pharmaceuticals
RIGL,"Rigel Pharmaceuticals, Inc.",Major Pharmaceuticals
RIOT,"Riot Blockchain, Inc",Biotechnology: In Vitro & In Vivo Diagnostic Substances
RTTR,"Ritter Pharmaceuticals, Inc.",Major Pharmaceuticals
RCKT,"Rocket Pharmaceuticals, Inc.",Major Pharmaceuticals
RMTI,"Rockwell Medical, Inc.",Biotechnology: Electromedical & Electrotherapeutic Apparatus
RTIX,"RTI Surgical Holdings, Inc.",Industrial Specialties
RUBY,"Rubius Therapeutics, Inc.",Biotechnology: Biological Products (No Diagnostic Substances)
SAGE,"Sage Therapeutics, Inc.",Major Pharmaceuticals
SGMO,"Sangamo Therapeutics, Inc.",Biotechnology: Biological Products (No Diagnostic Substances)
GCVRZ,Sanofi,Major Pharmaceuticals
SRPT,"Sarepta Therapeutics, Inc.",Major Pharmaceuticals
SVRA,"Savara, Inc.",Major Pharmaceuticals
SRRK,Scholar Rock Holding Corporation,Biotechnology: Biological Products (No Diagnostic Substances)
SCPH,scPharmaceuticals Inc.,Major Pharmaceuticals
SCYX,"SCYNEXIS, Inc.",Major Pharmaceuticals
SPNE,SeaSpine Holdings Corporation,Medical/Dental Instruments
SGEN,"Seattle Genetics, Inc.",Biotechnology: Biological Products (No Diagnostic Substances)
EYES,"Second Sight Medical Products, Inc.",Biotechnology: Electromedical & Electrotherapeutic Apparatus
SEEL,"Seelos Therapeutics, Inc.",Major Pharmaceuticals
SELB,"Selecta Biosciences, Inc.",Major Pharmaceuticals
SLS,"SELLAS Life Sciences Group, Inc.",Major Pharmaceuticals
SRTS,"Sensus Healthcare, Inc.",Medical/Dental Instruments
MCRB,"Seres Therapeutics, Inc.",Major Pharmaceuticals
SESN,"Sesen Bio, Inc.",Major Pharmaceuticals
SWAV,"ShockWave Medical, Inc.",Medical/Dental Instruments
SIBN,"SI-BONE, Inc.",Medical/Dental Instruments
SNNA,"Sienna Biopharmaceuticals, Inc.",Major Pharmaceuticals
SIEN,"Sientra, Inc.",Industrial Specialties
SRRA,"Sierra Oncology, Inc.",Major Pharmaceuticals
SIGA,SIGA Technologies Inc.,Major Pharmaceuticals
SILK,"Silk Road Medical, Inc.",Medical/Dental Instruments
SVA,"Sinovac Biotech, Ltd.",Major Pharmaceuticals
SINT,"SiNtx Technologies, Inc.",Medical/Dental Instruments
SLNO,"Soleno Therapeutics, Inc.",Biotechnology: Electromedical & Electrotherapeutic Apparatus
SLGL,Sol-Gel Technologies Ltd.,Major Pharmaceuticals
SLDB,Solid Biosciences Inc.,Biotechnology: Biological Products (No Diagnostic Substances)
SNGX,"Soligenix, Inc.",Major Pharmaceuticals
SOLY,"Soliton, Inc.",Medical/Dental Instruments
SNOA,"Sonoma Pharmaceuticals, Inc.",Major Pharmaceuticals
SPHS,"Sophiris Bio, Inc.",Major Pharmaceuticals
SRNE,"Sorrento Therapeutics, Inc.",Biotechnology: Commercial Physical & Biological Resarch
ONCE,"Spark Therapeutics, Inc.",Biotechnology: Biological Products (No Diagnostic Substances)
SPPI,"Spectrum Pharmaceuticals, Inc.",Major Pharmaceuticals
SPRO,"Spero Therapeutics, Inc.",Major Pharmaceuticals
SBPH,"Spring Bank Pharmaceuticals, Inc.",Major Pharmaceuticals
STAA,STAAR Surgical Company,Ophthalmic Goods
MITO,Stealth BioTherapeutics Corp.,Major Pharmaceuticals
SBOT,"Stellar Biotechnologies, Inc.",Major Pharmaceuticals
STML,"Stemline Therapeutics, Inc.",Major Pharmaceuticals
SSKN,"Strata Skin Sciences, Inc.",Medical/Dental Instruments
SBBP,Strongbridge Biopharma plc,Major Pharmaceuticals
SMMT,Summit Therapeutics plc,Major Pharmaceuticals
SNSS,"Sunesis Pharmaceuticals, Inc.",Major Pharmaceuticals
SUPN,"Supernus Pharmaceuticals, Inc.",Major Pharmaceuticals
SURF,"Surface Oncology, Inc.",Biotechnology: Biological Products (No Diagnostic Substances)
SGRY,"Surgery Partners, Inc.",Hospital/Nursing Management
SRDX,"Surmodics, Inc.",Medical/Dental Instruments
STRO,"Sutro Biopharma, Inc.",Biotechnology: Biological Products (No Diagnostic Substances)
SNDX,"Syndax Pharmaceuticals, Inc.",Major Pharmaceuticals
SYNH,"Syneos Health, Inc.",Biotechnology: Commercial Physical & Biological Resarch
SYBX,"Synlogic, Inc.",Major Pharmaceuticals
THOR,"Synthorx, Inc.",Major Pharmaceuticals
SYRS,"Syros Pharmaceuticals, Inc.",Major Pharmaceuticals
TTOO,"T2 Biosystems, Inc.",Medical/Dental Instruments
TCMD,"Tactile Systems Technology, Inc.",Medical/Dental Instruments
TLC,"Taiwan Liposome Company, Ltd.",Major Pharmaceuticals
TNDM,"Tandem Diabetes Care, Inc.",Medical/Dental Instruments
TCRR,TCR2 Therapeutics Inc.,Biotechnology: Biological Products (No Diagnostic Substances)
TLGT,"Teligent, Inc.",Major Pharmaceuticals
TENX,"Tenax Therapeutics, Inc.",Biotechnology: Commercial Physical & Biological Resarch
TTPH,"Tetraphase Pharmaceuticals, Inc.",Major Pharmaceuticals
TGTX,"TG Therapeutics, Inc.",Major Pharmaceuticals
ENSG,"The Ensign Group, Inc.",Hospital/Nursing Management
MDCO,The Medicines Company,Major Pharmaceuticals
TXMD,"TherapeuticsMD, Inc.",Major Pharmaceuticals
TRPX,Therapix Biosciences Ltd.,Major Pharmaceuticals
TBPH,"Theravance Biopharma, Inc.",Major Pharmaceuticals
TMDI,Titan Medical Inc.,Medical/Dental Instruments
TTNP,"Titan Pharmaceuticals, Inc.",Biotechnology: Biological Products (No Diagnostic Substances)
TVTY,"Tivity Health, Inc.",Hospital/Nursing Management
TLSA,Tiziana Life Sciences plc,Major Pharmaceuticals
TOCA,Tocagen Inc.,Major Pharmaceuticals
TNXP,Tonix Pharmaceuticals Holding Corp.,Major Pharmaceuticals
TCON,"TRACON Pharmaceuticals, Inc.",Biotechnology: Biological Products (No Diagnostic Substances)
TBIO,"Translate Bio, Inc.",Biotechnology: Biological Products (No Diagnostic Substances)
TMDX,"TransMedics Group, Inc.",Biotechnology: Electromedical & Electrotherapeutic Apparatus
TRVN,"Trevena, Inc.",Major Pharmaceuticals
TRVI,"Trevi Therapeutics, Inc.",Major Pharmaceuticals
TCDA,"Tricida, Inc.",Major Pharmaceuticals
TRIL,Trillium Therapeutics Inc.,Major Pharmaceuticals
TRIB,Trinity Biotech plc,Biotechnology: In Vitro & In Vivo Diagnostic Substances
TROV,"TrovaGene, Inc.",Biotechnology: Biological Products (No Diagnostic Substances)
TRUP,"Trupanion, Inc.",Medical Specialities
TPTX,"Turning Point Therapeutics, Inc.",Major Pharmaceuticals
TWST,Twist Bioscience Corporation,Biotechnology: Biological Products (No Diagnostic Substances)
TYME,"Tyme Technologies, Inc.",Major Pharmaceuticals
RARE,Ultragenyx Pharmaceutical Inc.,Major Pharmaceuticals
QURE,uniQure N.V.,Major Pharmaceuticals
UTHR,United Therapeutics Corporation,Major Pharmaceuticals
UBX,"Unity Biotechnology, Inc.",Major Pharmaceuticals
UMRX,Unum Therapeutics Inc.,Major Pharmaceuticals
URGN,UroGen Pharma Ltd.,Major Pharmaceuticals
UROV,Urovant Sciences Ltd.,Major Pharmaceuticals
UTMD,"Utah Medical Products, Inc.",Medical/Dental Instruments
VCNX,"Vaccinex, Inc.",Major Pharmaceuticals
VLRX,"Valeritas Holdings, Inc.",Medical/Dental Instruments
VNDA,Vanda Pharmaceuticals Inc.,Major Pharmaceuticals
VBLT,Vascular Biogenics Ltd.,Major Pharmaceuticals
VXRT,"Vaxart, Inc.",Biotechnology: Biological Products (No Diagnostic Substances)
VBIV,"VBI Vaccines, Inc.",Biotechnology: Biological Products (No Diagnostic Substances)
VCYT,"Veracyte, Inc.",Medical Specialities
VSTM,"Verastem, Inc.",Major Pharmaceuticals
VCEL,Vericel Corporation,Biotechnology: Biological Products (No Diagnostic Substances)
VRML,"Vermillion, Inc.",Biotechnology: In Vitro & In Vivo Diagnostic Substances
VRNA,Verona Pharma plc,Major Pharmaceuticals
VRCA,Verrica Pharmaceuticals Inc.,Major Pharmaceuticals
VRTX,Vertex Pharmaceuticals Incorporated,Major Pharmaceuticals
VERU,Veru Inc.,Major Pharmaceuticals
VICL,Vical Incorporated,Biotechnology: Biological Products (No Diagnostic Substances)
VRAY,"ViewRay, Inc.",Biotechnology: Electromedical & Electrotherapeutic Apparatus
VKTX,"Viking Therapeutics, Inc.",Major Pharmaceuticals
VTGN,"VistaGen Therapeutics, Inc.",Major Pharmaceuticals
VIVE,"Viveve Medical, Inc.",Biotechnology: Electromedical & Electrotherapeutic Apparatus
VVUS,"VIVUS, Inc.",Major Pharmaceuticals
VYGR,"Voyager Therapeutics, Inc.",Biotechnology: Biological Products (No Diagnostic Substances)
VTVT,vTv Therapeutics Inc.,Major Pharmaceuticals
WBA,"Walgreens Boots Alliance, Inc.",Medical/Nursing Services
WVE,WAVE Life Sciences Ltd.,Major Pharmaceuticals
WMGI,Wright Medical Group N.V.,Industrial Specialties
XFOR,"X4 Pharmaceuticals, Inc.",Biotechnology: Biological Products (No Diagnostic Substances)
XBIT,XBiotech Inc.,Major Pharmaceuticals
XNCR,"Xencor, Inc.",Major Pharmaceuticals
XBIO,"Xenetic Biosciences, Inc.",Major Pharmaceuticals
XENE,Xenon Pharmaceuticals Inc.,Major Pharmaceuticals
XERS,"Xeris Pharmaceuticals, Inc.",Major Pharmaceuticals
XOMA,XOMA Corporation,Major Pharmaceuticals
XTLB,XTL Biopharmaceuticals Ltd.,Major Pharmaceuticals
XYN,"Xynomic Pharmaceuticals Holdings, Inc.",Major Pharmaceuticals
YMAB,"Y-mAbs Therapeutics, Inc.",Major Pharmaceuticals
ZFGN,"Zafgen, Inc.",Major Pharmaceuticals
ZLAB,Zai Lab Limited,Major Pharmaceuticals
ZEAL,Zealand Pharma A/S,Major Pharmaceuticals
ZIOP,ZIOPHARM Oncology Inc,Major Pharmaceuticals
ZGNX,"Zogenix, Inc.",Major Pharmaceuticals
ZSAN,Zosano Pharma Corporation,Major Pharmaceuticals
ZYNE,"Zynerba Pharmaceuticals, Inc.",Major Pharmaceuticals
ZYXI,"Zynex, Inc.",Biotechnology: Electromedical & Electrotherapeutic Apparatus
MMM,3M Company,Medical/Dental Instruments
AAC,"AAC Holdings, Inc.",Medical Specialities
ABT,Abbott Laboratories,Major Pharmaceuticals
ABBV,AbbVie Inc.,Major Pharmaceuticals
ALC,Alcon Inc.,Ophthalmic Goods
AGN,Allergan plc.,Major Pharmaceuticals
ARA,"American Renal Associates Holdings, Inc",Hospital/Nursing Management
ABC,AmerisourceBergen Corporation (Holding Co),Other Pharmaceuticals
AMRX,"Amneal Pharmaceuticals, Inc.",Major Pharmaceuticals
ANTM,"Anthem, Inc.",Medical Specialities
RCUS,"Arcus Biosciences, Inc.",Major Pharmaceuticals
AZN,Astrazeneca PLC,Major Pharmaceuticals
AVNS,"Avanos Medical, Inc.",Industrial Specialties
BHC,Bausch Health Companies Inc.,Major Pharmaceuticals
BAX,Baxter International Inc.,Medical/Dental Instruments
BDX,"Becton, Dickinson and Company",Medical/Dental Instruments
BHVN,Biohaven Pharmaceutical Holding Company Ltd.,Major Pharmaceuticals
BSX,Boston Scientific Corporation,Medical/Dental Instruments
BMY,Bristol-Myers Squibb Company,Major Pharmaceuticals
BKD,Brookdale Senior Living Inc.,Hospital/Nursing Management
CBM,Cambrex Corporation,Major Pharmaceuticals
CMD,Cantel Medical Corp.,Medical/Dental Instruments
CSU,Capital Senior Living Corporation,Hospital/Nursing Management
CAH,"Cardinal Health, Inc.",Other Pharmaceuticals
CTLT,"Catalent, Inc.",Major Pharmaceuticals
CNC,Centene Corporation,Medical Specialities
CRL,"Charles River Laboratories International, Inc.",Biotechnology: Commercial Physical & Biological Resarch
CHE,Chemed Corp.,Medical/Nursing Services
CI,Cigna Corporation,Medical Specialities
CYH,"Community Health Systems, Inc.",Hospital/Nursing Management
CCM,Concord Medical Services Holdings Limited,Medical/Nursing Services
CRY,"CryoLife, Inc.",Medical/Dental Instruments
CVS,CVS Health Corporation,Medical/Nursing Services
DVA,DaVita Inc.,Hospital/Nursing Management
DPLO,"Diplomat Pharmacy, Inc.",Medical/Nursing Services
RDY,Dr. Reddy&#39;s Laboratories Ltd,Major Pharmaceuticals
EW,Edwards Lifesciences Corporation,Industrial Specialties
ELAN,Elanco Animal Health Incorporated,Major Pharmaceuticals
LLY,Eli Lilly and Company,Major Pharmaceuticals
EBS,"Emergent Biosolutions, Inc.",Major Pharmaceuticals
EHC,Encompass Health Corporation,Hospital/Nursing Management
ENZ,"Enzo Biochem, Inc.",Medical Specialities
FMS,Fresenius Medical Care Corporation,Hospital/Nursing Management
GEN,"Genesis Healthcare, Inc.",Hospital/Nursing Management
GKOS,Glaukos Corporation,Medical/Dental Instruments
GSK,GlaxoSmithKline PLC,Major Pharmaceuticals
GMED,"Globus Medical, Inc.",Medical/Dental Instruments
HAE,Haemonetics Corporation,Medical/Dental Instruments
HNGR,"Hanger, Inc.",Medical Specialities
HCA,"HCA Healthcare, Inc.",Hospital/Nursing Management
HLF,Herbalife Nutrition Ltd.,Other Pharmaceuticals
HRC,Hill-Rom Holdings Inc,Medical/Dental Instruments
HUM,Humana Inc.,Medical Specialities
INSP,"Inspire Medical Systems, Inc.",Medical/Dental Instruments
IVC,Invacare Corporation,Industrial Specialties
NVTA,Invitae Corporation,Medical Specialities
IQV,"IQVIA Holdings, Inc.",Biotechnology: Commercial Physical & Biological Resarch
JNJ,Johnson & Johnson,Major Pharmaceuticals
KDMN,"Kadmon Holdings, Inc.",Major Pharmaceuticals
LH,Laboratory Corporation of America Holdings,Medical Specialities
LCI,Lannett Co Inc,Major Pharmaceuticals
MNK,Mallinckrodt plc,Major Pharmaceuticals
MCK,McKesson Corporation,Other Pharmaceuticals
MD,"Mednax, Inc",Hospital/Nursing Management
MDT,Medtronic plc,Biotechnology: Electromedical & Electrotherapeutic Apparatus
MRK,"Merck & Company, Inc.",Major Pharmaceuticals
MOH,Molina Healthcare Inc,Medical Specialities
MSA,MSA Safety Incorporporated,Industrial Specialties
MYOV,Myovant Sciences Ltd.,Major Pharmaceuticals
NVRO,Nevro Corp.,Medical/Dental Instruments
NVS,Novartis AG,Major Pharmaceuticals
NVO,Novo Nordisk A/S,Major Pharmaceuticals
NUS,"Nu Skin Enterprises, Inc.",Other Pharmaceuticals
OMI,"Owens & Minor, Inc.",Medical Specialities
PEN,"Penumbra, Inc.",Medical/Dental Instruments
PRGO,Perrigo Company,Major Pharmaceuticals
PFE,"Pfizer, Inc.",Major Pharmaceuticals
PBH,Prestige Consumer Healthcare Inc.,Major Pharmaceuticals
DGX,Quest Diagnostics Incorporated,Medical Specialities
QHC,Quorum Health Corporation,Hospital/Nursing Management
RMED,"Ra Medical Systems, Inc.",Medical/Dental Instruments
RMD,ResMed Inc.,Medical/Dental Instruments
RAD,Rite Aid Corporation,Medical/Nursing Services
SEM,Select Medical Holdings Corporation,Hospital/Nursing Management
SNN,"Smith & Nephew SNATS, Inc.",Industrial Specialties
STE,STERIS plc,Industrial Specialties
SYK,Stryker Corporation,Medical/Dental Instruments
TAK,Takeda Pharmaceutical Company Limited,Major Pharmaceuticals
TARO,Taro Pharmaceutical Industries Ltd.,Major Pharmaceuticals
TDOC,"Teladoc Health, Inc.",Medical/Nursing Services
TFX,Teleflex Incorporated,Medical/Dental Instruments
THC,Tenet Healthcare Corporation,Hospital/Nursing Management
TEVA,Teva Pharmaceutical Industries Limited,Major Pharmaceuticals
COO,"The Cooper Companies, Inc.",Ophthalmic Goods
USPH,"U.S. Physical Therapy, Inc.",Medical/Nursing Services
UNH,UnitedHealth Group Incorporated,Medical Specialities
UHS,"Universal Health Services, Inc.",Hospital/Nursing Management
VAPO,"Vapotherm, Inc.",Medical/Dental Instruments
VAR,"Varian Medical Systems, Inc.",Biotechnology: Electromedical & Electrotherapeutic Apparatus
WCG,"WellCare Health Plans, Inc.",Medical Specialities
ZBH,"Zimmer Biomet Holdings, Inc.",Industrial Specialties
ZTS,Zoetis Inc.,Major Pharmaceuticals
ZYME,Zymeworks Inc.,Major Pharmaceuticals
